ID,file_name,class_name
0,ad_aagothe_1.wav,aagothe
1,ad_aagothe_10.wav,aagothe
2,ad_aagothe_2.wav,aagothe
3,ad_aagothe_3.wav,aagothe
4,ad_aagothe_4.wav,aagothe
5,ad_aagothe_5.wav,aagothe
6,ad_aagothe_6.wav,aagothe
7,ad_aagothe_7.wav,aagothe
8,ad_aagothe_8.wav,aagothe
9,ad_aagothe_9.wav,aagothe
10,ad_ahead_1.wav,ahead
11,ad_ahead_10.wav,ahead
12,ad_ahead_2.wav,ahead
13,ad_ahead_3.wav,ahead
14,ad_ahead_4.wav,ahead
15,ad_ahead_5.wav,ahead
16,ad_ahead_6.wav,ahead
17,ad_ahead_7.wav,ahead
18,ad_ahead_8.wav,ahead
19,ad_ahead_9.wav,ahead
20,ad_anila_1.wav,anila
21,ad_anila_10.wav,anila
22,ad_anila_2.wav,anila
23,ad_anila_3.wav,anila
24,ad_anila_4.wav,anila
25,ad_anila_5.wav,anila
26,ad_anila_6.wav,anila
27,ad_anila_7.wav,anila
28,ad_anila_8.wav,anila
29,ad_anila_9.wav,anila
30,ad_any_1.wav,any
31,ad_any_10.wav,any
32,ad_any_2.wav,any
33,ad_any_3.wav,any
34,ad_any_4.wav,any
35,ad_any_5.wav,any
36,ad_any_6.wav,any
37,ad_any_7.wav,any
38,ad_any_8.wav,any
39,ad_any_9.wav,any
40,ad_are_1.wav,are
41,ad_are_10.wav,are
42,ad_are_2.wav,are
43,ad_are_3.wav,are
44,ad_are_4.wav,are
45,ad_are_5.wav,are
46,ad_are_6.wav,are
47,ad_are_7.wav,are
48,ad_are_8.wav,are
49,ad_are_9.wav,are
50,ad_bheti_1.wav,bheti
51,ad_bheti_10.wav,bheti
52,ad_bheti_2.wav,bheti
53,ad_bheti_3.wav,bheti
54,ad_bheti_4.wav,bheti
55,ad_bheti_5.wav,bheti
56,ad_bheti_6.wav,bheti
57,ad_bheti_7.wav,bheti
58,ad_bheti_8.wav,bheti
59,ad_bheti_9.wav,bheti
60,ad_datthane_1.wav,datthane
61,ad_datthane_10.wav,datthane
62,ad_datthane_2.wav,datthane
63,ad_datthane_3.wav,datthane
64,ad_datthane_4.wav,datthane
65,ad_datthane_5.wav,datthane
66,ad_datthane_6.wav,datthane
67,ad_datthane_7.wav,datthane
68,ad_datthane_8.wav,datthane
69,ad_datthane_9.wav,datthane
70,ad_does_1.wav,does
71,ad_does_10.wav,does
72,ad_does_2.wav,does
73,ad_does_3.wav,does
74,ad_does_4.wav,does
75,ad_does_5.wav,does
76,ad_does_6.wav,does
77,ad_does_7.wav,does
78,ad_does_8.wav,does
79,ad_does_9.wav,does
80,ad_gas_1.wav,gas
81,ad_gas_10.wav,gas
82,ad_gas_2.wav,gas
83,ad_gas_3.wav,gas
84,ad_gas_4.wav,gas
85,ad_gas_5.wav,gas
86,ad_gas_6.wav,gas
87,ad_gas_7.wav,gas
88,ad_gas_8.wav,gas
89,ad_gas_9.wav,gas
90,ad_good_1.wav,good
91,ad_good_10.wav,good
92,ad_good_2.wav,good
93,ad_good_3.wav,good
94,ad_good_4.wav,good
95,ad_good_5.wav,good
96,ad_good_6.wav,good
97,ad_good_7.wav,good
98,ad_good_8.wav,good
99,ad_good_9.wav,good
100,ad_grounds_1.wav,grounds
101,ad_grounds_10.wav,grounds
102,ad_grounds_2.wav,grounds
103,ad_grounds_3.wav,grounds
104,ad_grounds_4.wav,grounds
105,ad_grounds_5.wav,grounds
106,ad_grounds_6.wav,grounds
107,ad_grounds_7.wav,grounds
108,ad_grounds_8.wav,grounds
109,ad_grounds_9.wav,grounds
110,ad_ground_1.wav,ground
111,ad_ground_10.wav,ground
112,ad_ground_2.wav,ground
113,ad_ground_3.wav,ground
114,ad_ground_4.wav,ground
115,ad_ground_5.wav,ground
116,ad_ground_6.wav,ground
117,ad_ground_7.wav,ground
118,ad_ground_8.wav,ground
119,ad_ground_9.wav,ground
120,ad_hathiradha_1.wav,hathiradha
121,ad_hathiradha_10.wav,hathiradha
122,ad_hathiradha_2.wav,hathiradha
123,ad_hathiradha_3.wav,hathiradha
124,ad_hathiradha_4.wav,hathiradha
125,ad_hathiradha_5.wav,hathiradha
126,ad_hathiradha_6.wav,hathiradha
127,ad_hathiradha_7.wav,hathiradha
128,ad_hathiradha_8.wav,hathiradha
129,ad_hathiradha_9.wav,hathiradha
130,ad_hathira_1.wav,hathira
131,ad_hathira_10.wav,hathira
132,ad_hathira_2.wav,hathira
133,ad_hathira_3.wav,hathira
134,ad_hathira_4.wav,hathira
135,ad_hathira_5.wav,hathira
136,ad_hathira_6.wav,hathira
137,ad_hathira_7.wav,hathira
138,ad_hathira_8.wav,hathira
139,ad_hathira_9.wav,hathira
140,ad_hegidhe_1.wav,hegidhe
141,ad_hegidhe_10.wav,hegidhe
142,ad_hegidhe_2.wav,hegidhe
143,ad_hegidhe_3.wav,hegidhe
144,ad_hegidhe_4.wav,hegidhe
145,ad_hegidhe_5.wav,hegidhe
146,ad_hegidhe_6.wav,hegidhe
147,ad_hegidhe_7.wav,hegidhe
148,ad_hegidhe_8.wav,hegidhe
149,ad_hegidhe_9.wav,hegidhe
150,ad_how_1.wav,how
151,ad_how_10.wav,how
152,ad_how_2.wav,how
153,ad_how_3.wav,how
154,ad_how_4.wav,how
155,ad_how_5.wav,how
156,ad_how_6.wav,how
157,ad_how_7.wav,how
158,ad_how_8.wav,how
159,ad_how_9.wav,how
160,ad_idhya_1.wav,idhya
161,ad_idhya_10.wav,idhya
162,ad_idhya_2.wav,idhya
163,ad_idhya_3.wav,idhya
164,ad_idhya_4.wav,idhya
165,ad_idhya_5.wav,idhya
166,ad_idhya_6.wav,idhya
167,ad_idhya_7.wav,idhya
168,ad_idhya_8.wav,idhya
169,ad_idhya_9.wav,idhya
170,ad_iro_1.wav,iro
171,ad_iro_10.wav,iro
172,ad_iro_2.wav,iro
173,ad_iro_3.wav,iro
174,ad_iro_4.wav,iro
175,ad_iro_5.wav,iro
176,ad_iro_6.wav,iro
177,ad_iro_7.wav,iro
178,ad_iro_8.wav,iro
179,ad_iro_9.wav,iro
180,ad_is_1.wav,is
181,ad_is_10.wav,is
182,ad_is_2.wav,is
183,ad_is_3.wav,is
184,ad_is_4.wav,is
185,ad_is_5.wav,is
186,ad_is_6.wav,is
187,ad_is_7.wav,is
188,ad_is_8.wav,is
189,ad_is_9.wav,is
190,ad_job_1.wav,job
191,ad_job_10.wav,job
192,ad_job_2.wav,job
193,ad_job_3.wav,job
194,ad_job_4.wav,job
195,ad_job_5.wav,job
196,ad_job_6.wav,job
197,ad_job_7.wav,job
198,ad_job_8.wav,job
199,ad_job_9.wav,job
200,ad_kelasa_1.wav,kelasa
201,ad_kelasa_10.wav,kelasa
202,ad_kelasa_2.wav,kelasa
203,ad_kelasa_3.wav,kelasa
204,ad_kelasa_4.wav,kelasa
205,ad_kelasa_5.wav,kelasa
206,ad_kelasa_6.wav,kelasa
207,ad_kelasa_7.wav,kelasa
208,ad_kelasa_8.wav,kelasa
209,ad_kelasa_9.wav,kelasa
210,ad_kendragalu_1.wav,kendragalu
211,ad_kendragalu_10.wav,kendragalu
212,ad_kendragalu_2.wav,kendragalu
213,ad_kendragalu_3.wav,kendragalu
214,ad_kendragalu_4.wav,kendragalu
215,ad_kendragalu_5.wav,kendragalu
216,ad_kendragalu_6.wav,kendragalu
217,ad_kendragalu_7.wav,kendragalu
218,ad_kendragalu_8.wav,kendragalu
219,ad_kendragalu_9.wav,kendragalu
220,ad_kolaayi_1.wav,kolaayi
221,ad_kolaayi_10.wav,kolaayi
222,ad_kolaayi_2.wav,kolaayi
223,ad_kolaayi_3.wav,kolaayi
224,ad_kolaayi_4.wav,kolaayi
225,ad_kolaayi_5.wav,kolaayi
226,ad_kolaayi_6.wav,kolaayi
227,ad_kolaayi_7.wav,kolaayi
228,ad_kolaayi_8.wav,kolaayi
229,ad_kolaayi_9.wav,kolaayi
230,ad_kredaa_1.wav,kredaa
231,ad_kredaa_10.wav,kredaa
232,ad_kredaa_2.wav,kredaa
233,ad_kredaa_3.wav,kredaa
234,ad_kredaa_4.wav,kredaa
235,ad_kredaa_5.wav,kredaa
236,ad_kredaa_6.wav,kredaa
237,ad_kredaa_7.wav,kredaa
238,ad_kredaa_8.wav,kredaa
239,ad_kredaa_9.wav,kredaa
240,ad_me_1.wav,me
241,ad_me_10.wav,me
242,ad_me_2.wav,me
243,ad_me_3.wav,me
244,ad_me_4.wav,me
245,ad_me_5.wav,me
246,ad_me_6.wav,me
247,ad_me_7.wav,me
248,ad_me_8.wav,me
249,ad_me_9.wav,me
250,ad_munde_1.wav,munde
251,ad_munde_10.wav,munde
252,ad_munde_2.wav,munde
253,ad_munde_3.wav,munde
254,ad_munde_4.wav,munde
255,ad_munde_5.wav,munde
256,ad_munde_6.wav,munde
257,ad_munde_7.wav,munde
258,ad_munde_8.wav,munde
259,ad_munde_9.wav,munde
260,ad_mundina_1.wav,mundina
261,ad_mundina_10.wav,mundina
262,ad_mundina_2.wav,mundina
263,ad_mundina_3.wav,mundina
264,ad_mundina_4.wav,mundina
265,ad_mundina_5.wav,mundina
266,ad_mundina_6.wav,mundina
267,ad_mundina_7.wav,mundina
268,ad_mundina_8.wav,mundina
269,ad_mundina_9.wav,mundina
270,ad_mydana_1.wav,mydana
271,ad_mydana_10.wav,mydana
272,ad_mydana_2.wav,mydana
273,ad_mydana_3.wav,mydana
274,ad_mydana_4.wav,mydana
275,ad_mydana_5.wav,mydana
276,ad_mydana_6.wav,mydana
277,ad_mydana_7.wav,mydana
278,ad_mydana_8.wav,mydana
279,ad_mydana_9.wav,mydana
280,ad_my_1.wav,my
281,ad_my_10.wav,my
282,ad_my_2.wav,my
283,ad_my_3.wav,my
284,ad_my_4.wav,my
285,ad_my_5.wav,my
286,ad_my_6.wav,my
287,ad_my_7.wav,my
288,ad_my_8.wav,my
289,ad_my_9.wav,my
290,ad_nanna_1.wav,nanna
291,ad_nanna_10.wav,nanna
292,ad_nanna_2.wav,nanna
293,ad_nanna_3.wav,nanna
294,ad_nanna_4.wav,nanna
295,ad_nanna_5.wav,nanna
296,ad_nanna_6.wav,nanna
297,ad_nanna_7.wav,nanna
298,ad_nanna_8.wav,nanna
299,ad_nanna_9.wav,nanna
300,ad_nearby_1.wav,nearby
301,ad_nearby_10.wav,nearby
302,ad_nearby_2.wav,nearby
303,ad_nearby_3.wav,nearby
304,ad_nearby_4.wav,nearby
305,ad_nearby_5.wav,nearby
306,ad_nearby_6.wav,nearby
307,ad_nearby_7.wav,nearby
308,ad_nearby_8.wav,nearby
309,ad_nearby_9.wav,nearby
310,ad_nearest_1.wav,nearest
311,ad_nearest_10.wav,nearest
312,ad_nearest_2.wav,nearest
313,ad_nearest_3.wav,nearest
314,ad_nearest_4.wav,nearest
315,ad_nearest_5.wav,nearest
316,ad_nearest_6.wav,nearest
317,ad_nearest_7.wav,nearest
318,ad_nearest_8.wav,nearest
319,ad_nearest_9.wav,nearest
320,ad_near_1.wav,near
321,ad_near_10.wav,near
322,ad_near_2.wav,near
323,ad_near_3.wav,near
324,ad_near_4.wav,near
325,ad_near_5.wav,near
326,ad_near_6.wav,near
327,ad_near_7.wav,near
328,ad_near_8.wav,near
329,ad_near_9.wav,near
330,ad_needalu_1.wav,needalu
331,ad_needalu_10.wav,needalu
332,ad_needalu_2.wav,needalu
333,ad_needalu_3.wav,needalu
334,ad_needalu_4.wav,needalu
335,ad_needalu_5.wav,needalu
336,ad_needalu_6.wav,needalu
337,ad_needalu_7.wav,needalu
338,ad_needalu_8.wav,needalu
339,ad_needalu_9.wav,needalu
340,ad_next_1.wav,next
341,ad_next_10.wav,next
342,ad_next_2.wav,next
343,ad_next_3.wav,next
344,ad_next_4.wav,next
345,ad_next_5.wav,next
346,ad_next_6.wav,next
347,ad_next_7.wav,next
348,ad_next_8.wav,next
349,ad_next_9.wav,next
350,ad_openings_1.wav,openings
351,ad_openings_10.wav,openings
352,ad_openings_2.wav,openings
353,ad_openings_3.wav,openings
354,ad_openings_4.wav,openings
355,ad_openings_5.wav,openings
356,ad_openings_6.wav,openings
357,ad_openings_7.wav,openings
358,ad_openings_8.wav,openings
359,ad_openings_9.wav,openings
360,ad_open_1.wav,open
361,ad_open_10.wav,open
362,ad_open_2.wav,open
363,ad_open_3.wav,open
364,ad_open_4.wav,open
365,ad_open_5.wav,open
366,ad_open_6.wav,open
367,ad_open_7.wav,open
368,ad_open_8.wav,open
369,ad_open_9.wav,open
370,ad_park_1.wav,park
371,ad_park_10.wav,park
372,ad_park_2.wav,park
373,ad_park_3.wav,park
374,ad_park_4.wav,park
375,ad_park_5.wav,park
376,ad_park_6.wav,park
377,ad_park_7.wav,park
378,ad_park_8.wav,park
379,ad_park_9.wav,park
380,ad_places_1.wav,places
381,ad_places_10.wav,places
382,ad_places_2.wav,places
383,ad_places_3.wav,places
384,ad_places_4.wav,places
385,ad_places_5.wav,places
386,ad_places_6.wav,places
387,ad_places_7.wav,places
388,ad_places_8.wav,places
389,ad_places_9.wav,places
390,ad_plumbing_1.wav,plumbing
391,ad_plumbing_10.wav,plumbing
392,ad_plumbing_2.wav,plumbing
393,ad_plumbing_3.wav,plumbing
394,ad_plumbing_4.wav,plumbing
395,ad_plumbing_5.wav,plumbing
396,ad_plumbing_6.wav,plumbing
397,ad_plumbing_7.wav,plumbing
398,ad_plumbing_8.wav,plumbing
399,ad_plumbing_9.wav,plumbing
400,ad_saradi_1.wav,saradi
401,ad_saradi_10.wav,saradi
402,ad_saradi_2.wav,saradi
403,ad_saradi_3.wav,saradi
404,ad_saradi_4.wav,saradi
405,ad_saradi_5.wav,saradi
406,ad_saradi_6.wav,saradi
407,ad_saradi_7.wav,saradi
408,ad_saradi_8.wav,saradi
409,ad_saradi_9.wav,saradi
410,ad_service_1.wav,service
411,ad_service_10.wav,service
412,ad_service_2.wav,service
413,ad_service_3.wav,service
414,ad_service_4.wav,service
415,ad_service_5.wav,service
416,ad_service_6.wav,service
417,ad_service_7.wav,service
418,ad_service_8.wav,service
419,ad_service_9.wav,service
420,ad_some_1.wav,some
421,ad_some_10.wav,some
422,ad_some_2.wav,some
423,ad_some_3.wav,some
424,ad_some_4.wav,some
425,ad_some_5.wav,some
426,ad_some_6.wav,some
427,ad_some_7.wav,some
428,ad_some_8.wav,some
429,ad_some_9.wav,some
430,ad_sports_1.wav,sports
431,ad_sports_10.wav,sports
432,ad_sports_2.wav,sports
433,ad_sports_3.wav,sports
434,ad_sports_4.wav,sports
435,ad_sports_5.wav,sports
436,ad_sports_6.wav,sports
437,ad_sports_7.wav,sports
438,ad_sports_8.wav,sports
439,ad_sports_9.wav,sports
440,ad_stations_1.wav,stations
441,ad_stations_10.wav,stations
442,ad_stations_2.wav,stations
443,ad_stations_3.wav,stations
444,ad_stations_4.wav,stations
445,ad_stations_5.wav,stations
446,ad_stations_6.wav,stations
447,ad_stations_7.wav,stations
448,ad_stations_8.wav,stations
449,ad_stations_9.wav,stations
450,ad_sthalagalu_1.wav,sthalagalu
451,ad_sthalagalu_10.wav,sthalagalu
452,ad_sthalagalu_2.wav,sthalagalu
453,ad_sthalagalu_3.wav,sthalagalu
454,ad_sthalagalu_4.wav,sthalagalu
455,ad_sthalagalu_5.wav,sthalagalu
456,ad_sthalagalu_6.wav,sthalagalu
457,ad_sthalagalu_7.wav,sthalagalu
458,ad_sthalagalu_8.wav,sthalagalu
459,ad_sthalagalu_9.wav,sthalagalu
460,ad_thereyuthade_1.wav,thereyuthade
461,ad_thereyuthade_10.wav,thereyuthade
462,ad_thereyuthade_2.wav,thereyuthade
463,ad_thereyuthade_3.wav,thereyuthade
464,ad_thereyuthade_4.wav,thereyuthade
465,ad_thereyuthade_5.wav,thereyuthade
466,ad_thereyuthade_6.wav,thereyuthade
467,ad_thereyuthade_7.wav,thereyuthade
468,ad_thereyuthade_8.wav,thereyuthade
469,ad_thereyuthade_9.wav,thereyuthade
470,ad_there_1.wav,there
471,ad_there_10.wav,there
472,ad_there_2.wav,there
473,ad_there_3.wav,there
474,ad_there_4.wav,there
475,ad_there_5.wav,there
476,ad_there_6.wav,there
477,ad_there_7.wav,there
478,ad_there_8.wav,there
479,ad_there_9.wav,there
480,ad_the_1.wav,the
481,ad_the_10.wav,the
482,ad_the_2.wav,the
483,ad_the_3.wav,the
484,ad_the_4.wav,the
485,ad_the_5.wav,the
486,ad_the_6.wav,the
487,ad_the_7.wav,the
488,ad_the_8.wav,the
489,ad_the_9.wav,the
490,ad_to_1.wav,to
491,ad_to_10.wav,to
492,ad_to_2.wav,to
493,ad_to_3.wav,to
494,ad_to_4.wav,to
495,ad_to_5.wav,to
496,ad_to_6.wav,to
497,ad_to_7.wav,to
498,ad_to_8.wav,to
499,ad_to_9.wav,to
500,ad_traffic_1.wav,traffic
501,ad_traffic_10.wav,traffic
502,ad_traffic_2.wav,traffic
503,ad_traffic_3.wav,traffic
504,ad_traffic_4.wav,traffic
505,ad_traffic_5.wav,traffic
506,ad_traffic_6.wav,traffic
507,ad_traffic_7.wav,traffic
508,ad_traffic_8.wav,traffic
509,ad_traffic_9.wav,traffic
510,ad_turn_1.wav,turn
511,ad_turn_10.wav,turn
512,ad_turn_2.wav,turn
513,ad_turn_3.wav,turn
514,ad_turn_4.wav,turn
515,ad_turn_5.wav,turn
516,ad_turn_6.wav,turn
517,ad_turn_7.wav,turn
518,ad_turn_8.wav,turn
519,ad_turn_9.wav,turn
520,ad_udhyaanavu_1.wav,udhyaanavu
521,ad_udhyaanavu_10.wav,udhyaanavu
522,ad_udhyaanavu_2.wav,udhyaanavu
523,ad_udhyaanavu_3.wav,udhyaanavu
524,ad_udhyaanavu_4.wav,udhyaanavu
525,ad_udhyaanavu_5.wav,udhyaanavu
526,ad_udhyaanavu_6.wav,udhyaanavu
527,ad_udhyaanavu_7.wav,udhyaanavu
528,ad_udhyaanavu_8.wav,udhyaanavu
529,ad_udhyaanavu_9.wav,udhyaanavu
530,ad_udhyaana_1.wav,udhyaana
531,ad_udhyaana_10.wav,udhyaana
532,ad_udhyaana_2.wav,udhyaana
533,ad_udhyaana_3.wav,udhyaana
534,ad_udhyaana_4.wav,udhyaana
535,ad_udhyaana_5.wav,udhyaana
536,ad_udhyaana_6.wav,udhyaana
537,ad_udhyaana_7.wav,udhyaana
538,ad_udhyaana_8.wav,udhyaana
539,ad_udhyaana_9.wav,udhyaana
540,ad_udhyogavakaasha_1.wav,udhyogavakaasha
541,ad_udhyogavakaasha_10.wav,udhyogavakaasha
542,ad_udhyogavakaasha_2.wav,udhyogavakaasha
543,ad_udhyogavakaasha_3.wav,udhyogavakaasha
544,ad_udhyogavakaasha_4.wav,udhyogavakaasha
545,ad_udhyogavakaasha_5.wav,udhyogavakaasha
546,ad_udhyogavakaasha_6.wav,udhyogavakaasha
547,ad_udhyogavakaasha_7.wav,udhyogavakaasha
548,ad_udhyogavakaasha_8.wav,udhyogavakaasha
549,ad_udhyogavakaasha_9.wav,udhyogavakaasha
550,ad_uttama_1.wav,uttama
551,ad_uttama_10.wav,uttama
552,ad_uttama_2.wav,uttama
553,ad_uttama_3.wav,uttama
554,ad_uttama_4.wav,uttama
555,ad_uttama_5.wav,uttama
556,ad_uttama_6.wav,uttama
557,ad_uttama_7.wav,uttama
558,ad_uttama_8.wav,uttama
559,ad_uttama_9.wav,uttama
560,ad_visit_1.wav,visit
561,ad_visit_10.wav,visit
562,ad_visit_2.wav,visit
563,ad_visit_3.wav,visit
564,ad_visit_4.wav,visit
565,ad_visit_5.wav,visit
566,ad_visit_6.wav,visit
567,ad_visit_7.wav,visit
568,ad_visit_8.wav,visit
569,ad_visit_9.wav,visit
570,ad_what_1.wav,what
571,ad_what_10.wav,what
572,ad_what_2.wav,what
573,ad_what_3.wav,what
574,ad_what_4.wav,what
575,ad_what_5.wav,what
576,ad_what_6.wav,what
577,ad_what_7.wav,what
578,ad_what_8.wav,what
579,ad_what_9.wav,what
580,ad_when_1.wav,when
581,ad_when_10.wav,when
582,ad_when_2.wav,when
583,ad_when_3.wav,when
584,ad_when_4.wav,when
585,ad_when_5.wav,when
586,ad_when_6.wav,when
587,ad_when_7.wav,when
588,ad_when_8.wav,when
589,ad_when_9.wav,when
590,ad_yaavaaga_1.wav,yaavaaga
591,ad_yaavaaga_10.wav,yaavaaga
592,ad_yaavaaga_2.wav,yaavaaga
593,ad_yaavaaga_3.wav,yaavaaga
594,ad_yaavaaga_4.wav,yaavaaga
595,ad_yaavaaga_5.wav,yaavaaga
596,ad_yaavaaga_6.wav,yaavaaga
597,ad_yaavaaga_7.wav,yaavaaga
598,ad_yaavaaga_8.wav,yaavaaga
599,ad_yaavaaga_9.wav,yaavaaga
600,ad_yavdu_1.wav,yavdu
601,ad_yavdu_10.wav,yavdu
602,ad_yavdu_2.wav,yavdu
603,ad_yavdu_3.wav,yavdu
604,ad_yavdu_4.wav,yavdu
605,ad_yavdu_5.wav,yavdu
606,ad_yavdu_6.wav,yavdu
607,ad_yavdu_7.wav,yavdu
608,ad_yavdu_8.wav,yavdu
609,ad_yavdu_9.wav,yavdu
610,ad_yavude_1.wav,yavude
611,ad_yavude_10.wav,yavude
612,ad_yavude_2.wav,yavude
613,ad_yavude_3.wav,yavude
614,ad_yavude_4.wav,yavude
615,ad_yavude_5.wav,yavude
616,ad_yavude_6.wav,yavude
617,ad_yavude_7.wav,yavude
618,ad_yavude_8.wav,yavude
619,ad_yavude_9.wav,yavude
620,ad_yavuvu_1.wav,yavuvu
621,ad_yavuvu_10.wav,yavuvu
622,ad_yavuvu_2.wav,yavuvu
623,ad_yavuvu_3.wav,yavuvu
624,ad_yavuvu_4.wav,yavuvu
625,ad_yavuvu_5.wav,yavuvu
626,ad_yavuvu_6.wav,yavuvu
627,ad_yavuvu_7.wav,yavuvu
628,ad_yavuvu_8.wav,yavuvu
629,ad_yavuvu_9.wav,yavuvu
630,ad_yenu_1.wav,yenu
631,ad_yenu_10.wav,yenu
632,ad_yenu_2.wav,yenu
633,ad_yenu_3.wav,yenu
634,ad_yenu_4.wav,yenu
635,ad_yenu_5.wav,yenu
636,ad_yenu_6.wav,yenu
637,ad_yenu_7.wav,yenu
638,ad_yenu_8.wav,yenu
639,ad_yenu_9.wav,yenu
640,cr_aagothe_1.wav,aagothe
641,cr_aagothe_10.wav,aagothe
642,cr_aagothe_2.wav,aagothe
643,cr_aagothe_3.wav,aagothe
644,cr_aagothe_4.wav,aagothe
645,cr_aagothe_5.wav,aagothe
646,cr_aagothe_6.wav,aagothe
647,cr_aagothe_7.wav,aagothe
648,cr_aagothe_8.wav,aagothe
649,cr_aagothe_9.wav,aagothe
650,cr_ahead_1.wav,ahead
651,cr_ahead_10.wav,ahead
652,cr_ahead_2.wav,ahead
653,cr_ahead_3.wav,ahead
654,cr_ahead_4.wav,ahead
655,cr_ahead_5.wav,ahead
656,cr_ahead_6.wav,ahead
657,cr_ahead_7.wav,ahead
658,cr_ahead_8.wav,ahead
659,cr_ahead_9.wav,ahead
660,cr_anila_1.wav,anila
661,cr_anila_10.wav,anila
662,cr_anila_2.wav,anila
663,cr_anila_3.wav,anila
664,cr_anila_4.wav,anila
665,cr_anila_5.wav,anila
666,cr_anila_6.wav,anila
667,cr_anila_7.wav,anila
668,cr_anila_8.wav,anila
669,cr_anila_9.wav,anila
670,cr_any_1.wav,any
671,cr_any_10.wav,any
672,cr_any_2.wav,any
673,cr_any_3.wav,any
674,cr_any_4.wav,any
675,cr_any_5.wav,any
676,cr_any_6.wav,any
677,cr_any_7.wav,any
678,cr_any_8.wav,any
679,cr_any_9.wav,any
680,cr_are_1.wav,are
681,cr_are_10.wav,are
682,cr_are_2.wav,are
683,cr_are_3.wav,are
684,cr_are_4.wav,are
685,cr_are_5.wav,are
686,cr_are_6.wav,are
687,cr_are_7.wav,are
688,cr_are_8.wav,are
689,cr_are_9.wav,are
690,cr_bheti_1.wav,bheti
691,cr_bheti_10.wav,bheti
692,cr_bheti_2.wav,bheti
693,cr_bheti_3.wav,bheti
694,cr_bheti_4.wav,bheti
695,cr_bheti_5.wav,bheti
696,cr_bheti_6.wav,bheti
697,cr_bheti_7.wav,bheti
698,cr_bheti_8.wav,bheti
699,cr_bheti_9.wav,bheti
700,cr_datthane_1.wav,datthane
701,cr_datthane_10.wav,datthane
702,cr_datthane_2.wav,datthane
703,cr_datthane_3.wav,datthane
704,cr_datthane_4.wav,datthane
705,cr_datthane_5.wav,datthane
706,cr_datthane_6.wav,datthane
707,cr_datthane_7.wav,datthane
708,cr_datthane_8.wav,datthane
709,cr_datthane_9.wav,datthane
710,cr_does_1.wav,does
711,cr_does_10.wav,does
712,cr_does_2.wav,does
713,cr_does_3.wav,does
714,cr_does_4.wav,does
715,cr_does_5.wav,does
716,cr_does_6.wav,does
717,cr_does_7.wav,does
718,cr_does_8.wav,does
719,cr_does_9.wav,does
720,cr_gas_1.wav,gas
721,cr_gas_10.wav,gas
722,cr_gas_2.wav,gas
723,cr_gas_3.wav,gas
724,cr_gas_4.wav,gas
725,cr_gas_5.wav,gas
726,cr_gas_6.wav,gas
727,cr_gas_7.wav,gas
728,cr_gas_8.wav,gas
729,cr_gas_9.wav,gas
730,cr_good_1.wav,good
731,cr_good_10.wav,good
732,cr_good_2.wav,good
733,cr_good_3.wav,good
734,cr_good_4.wav,good
735,cr_good_5.wav,good
736,cr_good_6.wav,good
737,cr_good_7.wav,good
738,cr_good_8.wav,good
739,cr_good_9.wav,good
740,cr_grounds_1.wav,grounds
741,cr_grounds_10.wav,grounds
742,cr_grounds_2.wav,grounds
743,cr_grounds_3.wav,grounds
744,cr_grounds_4.wav,grounds
745,cr_grounds_5.wav,grounds
746,cr_grounds_6.wav,grounds
747,cr_grounds_7.wav,grounds
748,cr_grounds_8.wav,grounds
749,cr_grounds_9.wav,grounds
750,cr_ground_1.wav,ground
751,cr_ground_10.wav,ground
752,cr_ground_2.wav,ground
753,cr_ground_3.wav,ground
754,cr_ground_4.wav,ground
755,cr_ground_5.wav,ground
756,cr_ground_6.wav,ground
757,cr_ground_7.wav,ground
758,cr_ground_8.wav,ground
759,cr_ground_9.wav,ground
760,cr_hathiradha_1.wav,hathiradha
761,cr_hathiradha_10.wav,hathiradha
762,cr_hathiradha_2.wav,hathiradha
763,cr_hathiradha_3.wav,hathiradha
764,cr_hathiradha_4.wav,hathiradha
765,cr_hathiradha_5.wav,hathiradha
766,cr_hathiradha_6.wav,hathiradha
767,cr_hathiradha_7.wav,hathiradha
768,cr_hathiradha_8.wav,hathiradha
769,cr_hathiradha_9.wav,hathiradha
770,cr_hathira_1.wav,hathira
771,cr_hathira_10.wav,hathira
772,cr_hathira_2.wav,hathira
773,cr_hathira_3.wav,hathira
774,cr_hathira_4.wav,hathira
775,cr_hathira_5.wav,hathira
776,cr_hathira_6.wav,hathira
777,cr_hathira_7.wav,hathira
778,cr_hathira_8.wav,hathira
779,cr_hathira_9.wav,hathira
780,cr_hegidhe_1.wav,hegidhe
781,cr_hegidhe_10.wav,hegidhe
782,cr_hegidhe_2.wav,hegidhe
783,cr_hegidhe_3.wav,hegidhe
784,cr_hegidhe_4.wav,hegidhe
785,cr_hegidhe_5.wav,hegidhe
786,cr_hegidhe_6.wav,hegidhe
787,cr_hegidhe_7.wav,hegidhe
788,cr_hegidhe_8.wav,hegidhe
789,cr_hegidhe_9.wav,hegidhe
790,cr_how_1.wav,how
791,cr_how_10.wav,how
792,cr_how_2.wav,how
793,cr_how_3.wav,how
794,cr_how_4.wav,how
795,cr_how_5.wav,how
796,cr_how_6.wav,how
797,cr_how_7.wav,how
798,cr_how_8.wav,how
799,cr_how_9.wav,how
800,cr_idhya_1.wav,idhya
801,cr_idhya_10.wav,idhya
802,cr_idhya_2.wav,idhya
803,cr_idhya_3.wav,idhya
804,cr_idhya_4.wav,idhya
805,cr_idhya_5.wav,idhya
806,cr_idhya_6.wav,idhya
807,cr_idhya_7.wav,idhya
808,cr_idhya_8.wav,idhya
809,cr_idhya_9.wav,idhya
810,cr_iro_1.wav,iro
811,cr_iro_10.wav,iro
812,cr_iro_2.wav,iro
813,cr_iro_3.wav,iro
814,cr_iro_4.wav,iro
815,cr_iro_5.wav,iro
816,cr_iro_6.wav,iro
817,cr_iro_7.wav,iro
818,cr_iro_8.wav,iro
819,cr_iro_9.wav,iro
820,cr_is_1.wav,is
821,cr_is_10.wav,is
822,cr_is_2.wav,is
823,cr_is_3.wav,is
824,cr_is_4.wav,is
825,cr_is_5.wav,is
826,cr_is_6.wav,is
827,cr_is_7.wav,is
828,cr_is_8.wav,is
829,cr_is_9.wav,is
830,cr_job_1.wav,job
831,cr_job_10.wav,job
832,cr_job_2.wav,job
833,cr_job_3.wav,job
834,cr_job_4.wav,job
835,cr_job_5.wav,job
836,cr_job_6.wav,job
837,cr_job_7.wav,job
838,cr_job_8.wav,job
839,cr_job_9.wav,job
840,cr_kelasa_1.wav,kelasa
841,cr_kelasa_10.wav,kelasa
842,cr_kelasa_2.wav,kelasa
843,cr_kelasa_3.wav,kelasa
844,cr_kelasa_4.wav,kelasa
845,cr_kelasa_5.wav,kelasa
846,cr_kelasa_6.wav,kelasa
847,cr_kelasa_7.wav,kelasa
848,cr_kelasa_8.wav,kelasa
849,cr_kelasa_9.wav,kelasa
850,cr_kendragalu_1.wav,kendragalu
851,cr_kendragalu_10.wav,kendragalu
852,cr_kendragalu_2.wav,kendragalu
853,cr_kendragalu_3.wav,kendragalu
854,cr_kendragalu_4.wav,kendragalu
855,cr_kendragalu_5.wav,kendragalu
856,cr_kendragalu_6.wav,kendragalu
857,cr_kendragalu_7.wav,kendragalu
858,cr_kendragalu_8.wav,kendragalu
859,cr_kendragalu_9.wav,kendragalu
860,cr_kolaayi_1.wav,kolaayi
861,cr_kolaayi_10.wav,kolaayi
862,cr_kolaayi_2.wav,kolaayi
863,cr_kolaayi_3.wav,kolaayi
864,cr_kolaayi_4.wav,kolaayi
865,cr_kolaayi_5.wav,kolaayi
866,cr_kolaayi_6.wav,kolaayi
867,cr_kolaayi_7.wav,kolaayi
868,cr_kolaayi_8.wav,kolaayi
869,cr_kolaayi_9.wav,kolaayi
870,cr_kredaa_1.wav,kredaa
871,cr_kredaa_10.wav,kredaa
872,cr_kredaa_2.wav,kredaa
873,cr_kredaa_3.wav,kredaa
874,cr_kredaa_4.wav,kredaa
875,cr_kredaa_5.wav,kredaa
876,cr_kredaa_6.wav,kredaa
877,cr_kredaa_7.wav,kredaa
878,cr_kredaa_8.wav,kredaa
879,cr_kredaa_9.wav,kredaa
880,cr_me_1.wav,me
881,cr_me_10.wav,me
882,cr_me_2.wav,me
883,cr_me_3.wav,me
884,cr_me_4.wav,me
885,cr_me_5.wav,me
886,cr_me_6.wav,me
887,cr_me_7.wav,me
888,cr_me_8.wav,me
889,cr_me_9.wav,me
890,cr_munde_1.wav,munde
891,cr_munde_10.wav,munde
892,cr_munde_2.wav,munde
893,cr_munde_3.wav,munde
894,cr_munde_4.wav,munde
895,cr_munde_5.wav,munde
896,cr_munde_6.wav,munde
897,cr_munde_7.wav,munde
898,cr_munde_8.wav,munde
899,cr_munde_9.wav,munde
900,cr_mundina_1.wav,mundina
901,cr_mundina_10.wav,mundina
902,cr_mundina_2.wav,mundina
903,cr_mundina_3.wav,mundina
904,cr_mundina_4.wav,mundina
905,cr_mundina_5.wav,mundina
906,cr_mundina_6.wav,mundina
907,cr_mundina_7.wav,mundina
908,cr_mundina_8.wav,mundina
909,cr_mundina_9.wav,mundina
910,cr_mydana_1.wav,mydana
911,cr_mydana_10.wav,mydana
912,cr_mydana_2.wav,mydana
913,cr_mydana_3.wav,mydana
914,cr_mydana_4.wav,mydana
915,cr_mydana_5.wav,mydana
916,cr_mydana_6.wav,mydana
917,cr_mydana_7.wav,mydana
918,cr_mydana_8.wav,mydana
919,cr_mydana_9.wav,mydana
920,cr_my_1.wav,my
921,cr_my_10.wav,my
922,cr_my_2.wav,my
923,cr_my_3.wav,my
924,cr_my_4.wav,my
925,cr_my_5.wav,my
926,cr_my_6.wav,my
927,cr_my_7.wav,my
928,cr_my_8.wav,my
929,cr_my_9.wav,my
930,cr_nanna_1.wav,nanna
931,cr_nanna_10.wav,nanna
932,cr_nanna_2.wav,nanna
933,cr_nanna_3.wav,nanna
934,cr_nanna_4.wav,nanna
935,cr_nanna_5.wav,nanna
936,cr_nanna_6.wav,nanna
937,cr_nanna_7.wav,nanna
938,cr_nanna_8.wav,nanna
939,cr_nanna_9.wav,nanna
940,cr_nearby_1.wav,nearby
941,cr_nearby_10.wav,nearby
942,cr_nearby_2.wav,nearby
943,cr_nearby_3.wav,nearby
944,cr_nearby_4.wav,nearby
945,cr_nearby_5.wav,nearby
946,cr_nearby_6.wav,nearby
947,cr_nearby_7.wav,nearby
948,cr_nearby_8.wav,nearby
949,cr_nearby_9.wav,nearby
950,cr_nearest_1.wav,nearest
951,cr_nearest_10.wav,nearest
952,cr_nearest_2.wav,nearest
953,cr_nearest_3.wav,nearest
954,cr_nearest_4.wav,nearest
955,cr_nearest_5.wav,nearest
956,cr_nearest_6.wav,nearest
957,cr_nearest_7.wav,nearest
958,cr_nearest_8.wav,nearest
959,cr_nearest_9.wav,nearest
960,cr_near_1.wav,near
961,cr_near_10.wav,near
962,cr_near_2.wav,near
963,cr_near_3.wav,near
964,cr_near_4.wav,near
965,cr_near_5.wav,near
966,cr_near_6.wav,near
967,cr_near_7.wav,near
968,cr_near_8.wav,near
969,cr_near_9.wav,near
970,cr_needalu_1.wav,needalu
971,cr_needalu_10.wav,needalu
972,cr_needalu_2.wav,needalu
973,cr_needalu_3.wav,needalu
974,cr_needalu_4.wav,needalu
975,cr_needalu_5.wav,needalu
976,cr_needalu_6.wav,needalu
977,cr_needalu_7.wav,needalu
978,cr_needalu_8.wav,needalu
979,cr_needalu_9.wav,needalu
980,cr_next_1.wav,next
981,cr_next_10.wav,next
982,cr_next_2.wav,next
983,cr_next_3.wav,next
984,cr_next_4.wav,next
985,cr_next_5.wav,next
986,cr_next_6.wav,next
987,cr_next_7.wav,next
988,cr_next_8.wav,next
989,cr_next_9.wav,next
990,cr_openings_1.wav,openings
991,cr_openings_10.wav,openings
992,cr_openings_2.wav,openings
993,cr_openings_3.wav,openings
994,cr_openings_4.wav,openings
995,cr_openings_5.wav,openings
996,cr_openings_6.wav,openings
997,cr_openings_7.wav,openings
998,cr_openings_8.wav,openings
999,cr_openings_9.wav,openings
1000,cr_open_1.wav,open
1001,cr_open_10.wav,open
1002,cr_open_2.wav,open
1003,cr_open_3.wav,open
1004,cr_open_4.wav,open
1005,cr_open_5.wav,open
1006,cr_open_6.wav,open
1007,cr_open_7.wav,open
1008,cr_open_8.wav,open
1009,cr_open_9.wav,open
1010,cr_park_1.wav,park
1011,cr_park_10.wav,park
1012,cr_park_2.wav,park
1013,cr_park_3.wav,park
1014,cr_park_4.wav,park
1015,cr_park_5.wav,park
1016,cr_park_6.wav,park
1017,cr_park_7.wav,park
1018,cr_park_8.wav,park
1019,cr_park_9.wav,park
1020,cr_places_1.wav,places
1021,cr_places_10.wav,places
1022,cr_places_2.wav,places
1023,cr_places_3.wav,places
1024,cr_places_4.wav,places
1025,cr_places_5.wav,places
1026,cr_places_6.wav,places
1027,cr_places_7.wav,places
1028,cr_places_8.wav,places
1029,cr_places_9.wav,places
1030,cr_plumbing_1.wav,plumbing
1031,cr_plumbing_10.wav,plumbing
1032,cr_plumbing_2.wav,plumbing
1033,cr_plumbing_3.wav,plumbing
1034,cr_plumbing_4.wav,plumbing
1035,cr_plumbing_5.wav,plumbing
1036,cr_plumbing_6.wav,plumbing
1037,cr_plumbing_7.wav,plumbing
1038,cr_plumbing_8.wav,plumbing
1039,cr_plumbing_9.wav,plumbing
1040,cr_saradi_1.wav,saradi
1041,cr_saradi_10.wav,saradi
1042,cr_saradi_2.wav,saradi
1043,cr_saradi_3.wav,saradi
1044,cr_saradi_4.wav,saradi
1045,cr_saradi_5.wav,saradi
1046,cr_saradi_6.wav,saradi
1047,cr_saradi_7.wav,saradi
1048,cr_saradi_8.wav,saradi
1049,cr_saradi_9.wav,saradi
1050,cr_service_1.wav,service
1051,cr_service_10.wav,service
1052,cr_service_2.wav,service
1053,cr_service_3.wav,service
1054,cr_service_4.wav,service
1055,cr_service_5.wav,service
1056,cr_service_6.wav,service
1057,cr_service_7.wav,service
1058,cr_service_8.wav,service
1059,cr_service_9.wav,service
1060,cr_some_1.wav,some
1061,cr_some_10.wav,some
1062,cr_some_2.wav,some
1063,cr_some_3.wav,some
1064,cr_some_4.wav,some
1065,cr_some_5.wav,some
1066,cr_some_6.wav,some
1067,cr_some_7.wav,some
1068,cr_some_8.wav,some
1069,cr_some_9.wav,some
1070,cr_sports_1.wav,sports
1071,cr_sports_10.wav,sports
1072,cr_sports_2.wav,sports
1073,cr_sports_3.wav,sports
1074,cr_sports_4.wav,sports
1075,cr_sports_5.wav,sports
1076,cr_sports_6.wav,sports
1077,cr_sports_7.wav,sports
1078,cr_sports_8.wav,sports
1079,cr_sports_9.wav,sports
1080,cr_stalagalu_1.wav,stalagalu
1081,cr_stalagalu_10.wav,stalagalu
1082,cr_stalagalu_2.wav,stalagalu
1083,cr_stalagalu_3.wav,stalagalu
1084,cr_stalagalu_4.wav,stalagalu
1085,cr_stalagalu_5.wav,stalagalu
1086,cr_stalagalu_6.wav,stalagalu
1087,cr_stalagalu_7.wav,stalagalu
1088,cr_stalagalu_8.wav,stalagalu
1089,cr_stalagalu_9.wav,stalagalu
1090,cr_stations_1.wav,stations
1091,cr_stations_10.wav,stations
1092,cr_stations_2.wav,stations
1093,cr_stations_3.wav,stations
1094,cr_stations_4.wav,stations
1095,cr_stations_5.wav,stations
1096,cr_stations_6.wav,stations
1097,cr_stations_7.wav,stations
1098,cr_stations_8.wav,stations
1099,cr_stations_9.wav,stations
1100,cr_thereyuthade_1.wav,thereyuthade
1101,cr_thereyuthadhe_10.wav,thereyuthadhe
1102,cr_thereyuthadhe_2.wav,thereyuthadhe
1103,cr_thereyuthadhe_3.wav,thereyuthadhe
1104,cr_thereyuthadhe_4.wav,thereyuthadhe
1105,cr_thereyuthadhe_5.wav,thereyuthadhe
1106,cr_thereyuthadhe_6.wav,thereyuthadhe
1107,cr_thereyuthadhe_7.wav,thereyuthadhe
1108,cr_thereyuthadhe_8.wav,thereyuthadhe
1109,cr_thereyuthadhe_9.wav,thereyuthadhe
1110,cr_there_1.wav,there
1111,cr_there_10.wav,there
1112,cr_there_2.wav,there
1113,cr_there_3.wav,there
1114,cr_there_4.wav,there
1115,cr_there_5.wav,there
1116,cr_there_6.wav,there
1117,cr_there_7.wav,there
1118,cr_there_8.wav,there
1119,cr_there_9.wav,there
1120,cr_the_1.wav,the
1121,cr_the_10.wav,the
1122,cr_the_2.wav,the
1123,cr_the_3.wav,the
1124,cr_the_4.wav,the
1125,cr_the_5.wav,the
1126,cr_the_6.wav,the
1127,cr_the_7.wav,the
1128,cr_the_8.wav,the
1129,cr_the_9.wav,the
1130,cr_to_1.wav,to
1131,cr_to_10.wav,to
1132,cr_to_2.wav,to
1133,cr_to_3.wav,to
1134,cr_to_4.wav,to
1135,cr_to_5.wav,to
1136,cr_to_6.wav,to
1137,cr_to_7.wav,to
1138,cr_to_8.wav,to
1139,cr_to_9.wav,to
1140,cr_traffic_1.wav,traffic
1141,cr_traffic_10.wav,traffic
1142,cr_traffic_2.wav,traffic
1143,cr_traffic_3.wav,traffic
1144,cr_traffic_4.wav,traffic
1145,cr_traffic_5.wav,traffic
1146,cr_traffic_6.wav,traffic
1147,cr_traffic_7.wav,traffic
1148,cr_traffic_8.wav,traffic
1149,cr_traffic_9.wav,traffic
1150,cr_turn_1.wav,turn
1151,cr_turn_10.wav,turn
1152,cr_turn_2.wav,turn
1153,cr_turn_3.wav,turn
1154,cr_turn_4.wav,turn
1155,cr_turn_5.wav,turn
1156,cr_turn_6.wav,turn
1157,cr_turn_7.wav,turn
1158,cr_turn_8.wav,turn
1159,cr_turn_9.wav,turn
1160,cr_udhyaanavu_1.wav,udhyaanavu
1161,cr_udhyaanavu_10.wav,udhyaanavu
1162,cr_udhyaanavu_2.wav,udhyaanavu
1163,cr_udhyaanavu_3.wav,udhyaanavu
1164,cr_udhyaanavu_4.wav,udhyaanavu
1165,cr_udhyaanavu_5.wav,udhyaanavu
1166,cr_udhyaanavu_6.wav,udhyaanavu
1167,cr_udhyaanavu_7.wav,udhyaanavu
1168,cr_udhyaanavu_8.wav,udhyaanavu
1169,cr_udhyaanavu_9.wav,udhyaanavu
1170,cr_udhyaana_1.wav,udhyaana
1171,cr_udhyaana_10.wav,udhyaana
1172,cr_udhyaana_2.wav,udhyaana
1173,cr_udhyaana_3.wav,udhyaana
1174,cr_udhyaana_4.wav,udhyaana
1175,cr_udhyaana_5.wav,udhyaana
1176,cr_udhyaana_6.wav,udhyaana
1177,cr_udhyaana_7.wav,udhyaana
1178,cr_udhyaana_8.wav,udhyaana
1179,cr_udhyaana_9.wav,udhyaana
1180,cr_udhyogavakaasha_1.wav,udhyogavakaasha
1181,cr_udhyogavakaasha_10.wav,udhyogavakaasha
1182,cr_udhyogavakaasha_2.wav,udhyogavakaasha
1183,cr_udhyogavakaasha_3.wav,udhyogavakaasha
1184,cr_udhyogavakaasha_4.wav,udhyogavakaasha
1185,cr_udhyogavakaasha_5.wav,udhyogavakaasha
1186,cr_udhyogavakaasha_6.wav,udhyogavakaasha
1187,cr_udhyogavakaasha_7.wav,udhyogavakaasha
1188,cr_udhyogavakaasha_8.wav,udhyogavakaasha
1189,cr_udhyogavakaasha_9.wav,udhyogavakaasha
1190,cr_uttama_1.wav,uttama
1191,cr_uttama_10.wav,uttama
1192,cr_uttama_2.wav,uttama
1193,cr_uttama_3.wav,uttama
1194,cr_uttama_4.wav,uttama
1195,cr_uttama_5.wav,uttama
1196,cr_uttama_6.wav,uttama
1197,cr_uttama_7.wav,uttama
1198,cr_uttama_8.wav,uttama
1199,cr_uttama_9.wav,uttama
1200,cr_visit_1.wav,visit
1201,cr_visit_10.wav,visit
1202,cr_visit_2.wav,visit
1203,cr_visit_3.wav,visit
1204,cr_visit_4.wav,visit
1205,cr_visit_5.wav,visit
1206,cr_visit_6.wav,visit
1207,cr_visit_7.wav,visit
1208,cr_visit_8.wav,visit
1209,cr_visit_9.wav,visit
1210,cr_what_1.wav,what
1211,cr_what_10.wav,what
1212,cr_what_2.wav,what
1213,cr_what_3.wav,what
1214,cr_what_4.wav,what
1215,cr_what_5.wav,what
1216,cr_what_6.wav,what
1217,cr_what_7.wav,what
1218,cr_what_8.wav,what
1219,cr_what_9.wav,what
1220,cr_when_1.wav,when
1221,cr_when_10.wav,when
1222,cr_when_2.wav,when
1223,cr_when_3.wav,when
1224,cr_when_4.wav,when
1225,cr_when_5.wav,when
1226,cr_when_6.wav,when
1227,cr_when_7.wav,when
1228,cr_when_8.wav,when
1229,cr_when_9.wav,when
1230,cr_yaavaaga_1.wav,yaavaaga
1231,cr_yaavaaga_10.wav,yaavaaga
1232,cr_yaavaaga_2.wav,yaavaaga
1233,cr_yaavaaga_3.wav,yaavaaga
1234,cr_yaavaaga_4.wav,yaavaaga
1235,cr_yaavaaga_5.wav,yaavaaga
1236,cr_yaavaaga_6.wav,yaavaaga
1237,cr_yaavaaga_7.wav,yaavaaga
1238,cr_yaavaaga_8.wav,yaavaaga
1239,cr_yaavaaga_9.wav,yaavaaga
1240,cr_yavdu_1.wav,yavdu
1241,cr_yavdu_10.wav,yavdu
1242,cr_yavdu_2.wav,yavdu
1243,cr_yavdu_3.wav,yavdu
1244,cr_yavdu_4.wav,yavdu
1245,cr_yavdu_5.wav,yavdu
1246,cr_yavdu_6.wav,yavdu
1247,cr_yavdu_7.wav,yavdu
1248,cr_yavdu_8.wav,yavdu
1249,cr_yavdu_9.wav,yavdu
1250,cr_yavude_1.wav,yavude
1251,cr_yavude_10.wav,yavude
1252,cr_yavude_2.wav,yavude
1253,cr_yavude_3.wav,yavude
1254,cr_yavude_4.wav,yavude
1255,cr_yavude_5.wav,yavude
1256,cr_yavude_6.wav,yavude
1257,cr_yavude_7.wav,yavude
1258,cr_yavude_8.wav,yavude
1259,cr_yavude_9.wav,yavude
1260,cr_yavuvu_1.wav,yavuvu
1261,cr_yavuvu_10.wav,yavuvu
1262,cr_yavuvu_2.wav,yavuvu
1263,cr_yavuvu_3.wav,yavuvu
1264,cr_yavuvu_4.wav,yavuvu
1265,cr_yavuvu_5.wav,yavuvu
1266,cr_yavuvu_6.wav,yavuvu
1267,cr_yavuvu_7.wav,yavuvu
1268,cr_yavuvu_8.wav,yavuvu
1269,cr_yavuvu_9.wav,yavuvu
1270,cr_yenu_1.wav,yenu
1271,cr_yenu_10.wav,yenu
1272,cr_yenu_2.wav,yenu
1273,cr_yenu_3.wav,yenu
1274,cr_yenu_4.wav,yenu
1275,cr_yenu_5.wav,yenu
1276,cr_yenu_6.wav,yenu
1277,cr_yenu_7.wav,yenu
1278,cr_yenu_8.wav,yenu
1279,cr_yenu_9.wav,yenu
1280,dr_aagothe_1.wav,aagothe
1281,dr_aagothe_10.wav,aagothe
1282,dr_aagothe_2.wav,aagothe
1283,dr_aagothe_3.wav,aagothe
1284,dr_aagothe_4.wav,aagothe
1285,dr_aagothe_5.wav,aagothe
1286,dr_aagothe_6.wav,aagothe
1287,dr_aagothe_7.wav,aagothe
1288,dr_aagothe_8.wav,aagothe
1289,dr_aagothe_9.wav,aagothe
1290,dr_ahead_1.wav,ahead
1291,dr_ahead_10.wav,ahead
1292,dr_ahead_2.wav,ahead
1293,dr_ahead_3.wav,ahead
1294,dr_ahead_4.wav,ahead
1295,dr_ahead_5.wav,ahead
1296,dr_ahead_6.wav,ahead
1297,dr_ahead_7.wav,ahead
1298,dr_ahead_8.wav,ahead
1299,dr_ahead_9.wav,ahead
1300,dr_anila_1.wav,anila
1301,dr_anila_10.wav,anila
1302,dr_anila_2.wav,anila
1303,dr_anila_3.wav,anila
1304,dr_anila_4.wav,anila
1305,dr_anila_5.wav,anila
1306,dr_anila_6.wav,anila
1307,dr_anila_7.wav,anila
1308,dr_anila_8.wav,anila
1309,dr_anila_9.wav,anila
1310,dr_any_1.wav,any
1311,dr_any_10.wav,any
1312,dr_any_2.wav,any
1313,dr_any_3.wav,any
1314,dr_any_4.wav,any
1315,dr_any_5.wav,any
1316,dr_any_6.wav,any
1317,dr_any_7.wav,any
1318,dr_any_8.wav,any
1319,dr_any_9.wav,any
1320,dr_are_1.wav,are
1321,dr_are_10.wav,are
1322,dr_are_2.wav,are
1323,dr_are_3.wav,are
1324,dr_are_4.wav,are
1325,dr_are_5.wav,are
1326,dr_are_6.wav,are
1327,dr_are_7.wav,are
1328,dr_are_8.wav,are
1329,dr_are_9.wav,are
1330,dr_bheti_1.wav,bheti
1331,dr_bheti_10.wav,bheti
1332,dr_bheti_2.wav,bheti
1333,dr_bheti_3.wav,bheti
1334,dr_bheti_4.wav,bheti
1335,dr_bheti_5.wav,bheti
1336,dr_bheti_6.wav,bheti
1337,dr_bheti_7.wav,bheti
1338,dr_bheti_8.wav,bheti
1339,dr_bheti_9.wav,bheti
1340,dr_datthane_1.wav,datthane
1341,dr_datthane_10.wav,datthane
1342,dr_datthane_2.wav,datthane
1343,dr_datthane_3.wav,datthane
1344,dr_datthane_4.wav,datthane
1345,dr_datthane_5.wav,datthane
1346,dr_datthane_6.wav,datthane
1347,dr_datthane_7.wav,datthane
1348,dr_datthane_8.wav,datthane
1349,dr_datthane_9.wav,datthane
1350,dr_does_1.wav,does
1351,dr_does_10.wav,does
1352,dr_does_2.wav,does
1353,dr_does_3.wav,does
1354,dr_does_4.wav,does
1355,dr_does_5.wav,does
1356,dr_does_6.wav,does
1357,dr_does_7.wav,does
1358,dr_does_8.wav,does
1359,dr_does_9.wav,does
1360,dr_gas_1.wav,gas
1361,dr_gas_10.wav,gas
1362,dr_gas_2.wav,gas
1363,dr_gas_3.wav,gas
1364,dr_gas_4.wav,gas
1365,dr_gas_5.wav,gas
1366,dr_gas_6.wav,gas
1367,dr_gas_7.wav,gas
1368,dr_gas_8.wav,gas
1369,dr_gas_9.wav,gas
1370,dr_good_1.wav,good
1371,dr_good_10.wav,good
1372,dr_good_2.wav,good
1373,dr_good_3.wav,good
1374,dr_good_4.wav,good
1375,dr_good_5.wav,good
1376,dr_good_6.wav,good
1377,dr_good_7.wav,good
1378,dr_good_8.wav,good
1379,dr_good_9.wav,good
1380,dr_grounds_1.wav,grounds
1381,dr_grounds_10.wav,grounds
1382,dr_grounds_2.wav,grounds
1383,dr_grounds_3.wav,grounds
1384,dr_grounds_4.wav,grounds
1385,dr_grounds_5.wav,grounds
1386,dr_grounds_6.wav,grounds
1387,dr_grounds_7.wav,grounds
1388,dr_grounds_8.wav,grounds
1389,dr_grounds_9.wav,grounds
1390,dr_ground_1.wav,ground
1391,dr_ground_10.wav,ground
1392,dr_ground_2.wav,ground
1393,dr_ground_3.wav,ground
1394,dr_ground_4.wav,ground
1395,dr_ground_5.wav,ground
1396,dr_ground_6.wav,ground
1397,dr_ground_7.wav,ground
1398,dr_ground_8.wav,ground
1399,dr_ground_9.wav,ground
1400,dr_hathiradha_1.wav,hathiradha
1401,dr_hathiradha_10.wav,hathiradha
1402,dr_hathiradha_2.wav,hathiradha
1403,dr_hathiradha_3.wav,hathiradha
1404,dr_hathiradha_4.wav,hathiradha
1405,dr_hathiradha_5.wav,hathiradha
1406,dr_hathiradha_6.wav,hathiradha
1407,dr_hathiradha_7.wav,hathiradha
1408,dr_hathiradha_8.wav,hathiradha
1409,dr_hathiradha_9.wav,hathiradha
1410,dr_hathira_1.wav,hathira
1411,dr_hathira_10.wav,hathira
1412,dr_hathira_2.wav,hathira
1413,dr_hathira_3.wav,hathira
1414,dr_hathira_4.wav,hathira
1415,dr_hathira_5.wav,hathira
1416,dr_hathira_6.wav,hathira
1417,dr_hathira_7.wav,hathira
1418,dr_hathira_8.wav,hathira
1419,dr_hathira_9.wav,hathira
1420,dr_hegidhe_1.wav,hegidhe
1421,dr_hegidhe_10.wav,hegidhe
1422,dr_hegidhe_2.wav,hegidhe
1423,dr_hegidhe_3.wav,hegidhe
1424,dr_hegidhe_4.wav,hegidhe
1425,dr_hegidhe_5.wav,hegidhe
1426,dr_hegidhe_6.wav,hegidhe
1427,dr_hegidhe_7.wav,hegidhe
1428,dr_hegidhe_8.wav,hegidhe
1429,dr_hegidhe_9.wav,hegidhe
1430,dr_how_1.wav,how
1431,dr_how_10.wav,how
1432,dr_how_2.wav,how
1433,dr_how_3.wav,how
1434,dr_how_4.wav,how
1435,dr_how_5.wav,how
1436,dr_how_6.wav,how
1437,dr_how_7.wav,how
1438,dr_how_8.wav,how
1439,dr_how_9.wav,how
1440,dr_idhya_1.wav,idhya
1441,dr_idhya_10.wav,idhya
1442,dr_idhya_2.wav,idhya
1443,dr_idhya_3.wav,idhya
1444,dr_idhya_4.wav,idhya
1445,dr_idhya_5.wav,idhya
1446,dr_idhya_6.wav,idhya
1447,dr_idhya_7.wav,idhya
1448,dr_idhya_8.wav,idhya
1449,dr_idhya_9.wav,idhya
1450,dr_iro_1.wav,iro
1451,dr_iro_10.wav,iro
1452,dr_iro_2.wav,iro
1453,dr_iro_3.wav,iro
1454,dr_iro_4.wav,iro
1455,dr_iro_5.wav,iro
1456,dr_iro_6.wav,iro
1457,dr_iro_7.wav,iro
1458,dr_iro_8.wav,iro
1459,dr_iro_9.wav,iro
1460,dr_is_1.wav,is
1461,dr_is_10.wav,is
1462,dr_is_2.wav,is
1463,dr_is_3.wav,is
1464,dr_is_4.wav,is
1465,dr_is_5.wav,is
1466,dr_is_6.wav,is
1467,dr_is_7.wav,is
1468,dr_is_8.wav,is
1469,dr_is_9.wav,is
1470,dr_job_1.wav,job
1471,dr_job_10.wav,job
1472,dr_job_2.wav,job
1473,dr_job_3.wav,job
1474,dr_job_4.wav,job
1475,dr_job_5.wav,job
1476,dr_job_6.wav,job
1477,dr_job_7.wav,job
1478,dr_job_8.wav,job
1479,dr_job_9.wav,job
1480,dr_kelasa_1.wav,kelasa
1481,dr_kelasa_10.wav,kelasa
1482,dr_kelasa_2.wav,kelasa
1483,dr_kelasa_3.wav,kelasa
1484,dr_kelasa_4.wav,kelasa
1485,dr_kelasa_5.wav,kelasa
1486,dr_kelasa_6.wav,kelasa
1487,dr_kelasa_7.wav,kelasa
1488,dr_kelasa_8.wav,kelasa
1489,dr_kelasa_9.wav,kelasa
1490,dr_kendragalu_1.wav,kendragalu
1491,dr_kendragalu_10.wav,kendragalu
1492,dr_kendragalu_2.wav,kendragalu
1493,dr_kendragalu_3.wav,kendragalu
1494,dr_kendragalu_4.wav,kendragalu
1495,dr_kendragalu_5.wav,kendragalu
1496,dr_kendragalu_6.wav,kendragalu
1497,dr_kendragalu_7.wav,kendragalu
1498,dr_kendragalu_8.wav,kendragalu
1499,dr_kendragalu_9.wav,kendragalu
1500,dr_kolaayi_1.wav,kolaayi
1501,dr_kolaayi_10.wav,kolaayi
1502,dr_kolaayi_2.wav,kolaayi
1503,dr_kolaayi_3.wav,kolaayi
1504,dr_kolaayi_4.wav,kolaayi
1505,dr_kolaayi_5.wav,kolaayi
1506,dr_kolaayi_6.wav,kolaayi
1507,dr_kolaayi_7.wav,kolaayi
1508,dr_kolaayi_8.wav,kolaayi
1509,dr_kolaayi_9.wav,kolaayi
1510,dr_kredaa_1.wav,kredaa
1511,dr_kredaa_10.wav,kredaa
1512,dr_kredaa_2.wav,kredaa
1513,dr_kredaa_3.wav,kredaa
1514,dr_kredaa_4.wav,kredaa
1515,dr_kredaa_5.wav,kredaa
1516,dr_kredaa_6.wav,kredaa
1517,dr_kredaa_7.wav,kredaa
1518,dr_kredaa_8.wav,kredaa
1519,dr_kredaa_9.wav,kredaa
1520,dr_me_1.wav,me
1521,dr_me_10.wav,me
1522,dr_me_2.wav,me
1523,dr_me_3.wav,me
1524,dr_me_4.wav,me
1525,dr_me_5.wav,me
1526,dr_me_6.wav,me
1527,dr_me_7.wav,me
1528,dr_me_8.wav,me
1529,dr_me_9.wav,me
1530,dr_munde_1.wav,munde
1531,dr_munde_10.wav,munde
1532,dr_munde_2.wav,munde
1533,dr_munde_3.wav,munde
1534,dr_munde_4.wav,munde
1535,dr_munde_5.wav,munde
1536,dr_munde_6.wav,munde
1537,dr_munde_7.wav,munde
1538,dr_munde_8.wav,munde
1539,dr_munde_9.wav,munde
1540,dr_mundina_1.wav,mundina
1541,dr_mundina_10.wav,mundina
1542,dr_mundina_2.wav,mundina
1543,dr_mundina_3.wav,mundina
1544,dr_mundina_4.wav,mundina
1545,dr_mundina_5.wav,mundina
1546,dr_mundina_6.wav,mundina
1547,dr_mundina_7.wav,mundina
1548,dr_mundina_8.wav,mundina
1549,dr_mundina_9.wav,mundina
1550,dr_mydana_1.wav,mydana
1551,dr_mydana_10.wav,mydana
1552,dr_mydana_2.wav,mydana
1553,dr_mydana_3.wav,mydana
1554,dr_mydana_4.wav,mydana
1555,dr_mydana_5.wav,mydana
1556,dr_mydana_6.wav,mydana
1557,dr_mydana_7.wav,mydana
1558,dr_mydana_8.wav,mydana
1559,dr_mydana_9.wav,mydana
1560,dr_my_1.wav,my
1561,dr_my_10.wav,my
1562,dr_my_2.wav,my
1563,dr_my_3.wav,my
1564,dr_my_4.wav,my
1565,dr_my_5.wav,my
1566,dr_my_6.wav,my
1567,dr_my_7.wav,my
1568,dr_my_8.wav,my
1569,dr_my_9.wav,my
1570,dr_nanna_1.wav,nanna
1571,dr_nanna_10.wav,nanna
1572,dr_nanna_2.wav,nanna
1573,dr_nanna_3.wav,nanna
1574,dr_nanna_4.wav,nanna
1575,dr_nanna_5.wav,nanna
1576,dr_nanna_6.wav,nanna
1577,dr_nanna_7.wav,nanna
1578,dr_nanna_8.wav,nanna
1579,dr_nanna_9.wav,nanna
1580,dr_nearby_1.wav,nearby
1581,dr_nearby_10.wav,nearby
1582,dr_nearby_2.wav,nearby
1583,dr_nearby_3.wav,nearby
1584,dr_nearby_4.wav,nearby
1585,dr_nearby_5.wav,nearby
1586,dr_nearby_6.wav,nearby
1587,dr_nearby_7.wav,nearby
1588,dr_nearby_8.wav,nearby
1589,dr_nearby_9.wav,nearby
1590,dr_nearest_1.wav,nearest
1591,dr_nearest_10.wav,nearest
1592,dr_nearest_2.wav,nearest
1593,dr_nearest_3.wav,nearest
1594,dr_nearest_4.wav,nearest
1595,dr_nearest_5.wav,nearest
1596,dr_nearest_6.wav,nearest
1597,dr_nearest_7.wav,nearest
1598,dr_nearest_8.wav,nearest
1599,dr_nearest_9.wav,nearest
1600,dr_near_1.wav,near
1601,dr_near_10.wav,near
1602,dr_near_2.wav,near
1603,dr_near_3.wav,near
1604,dr_near_4.wav,near
1605,dr_near_5.wav,near
1606,dr_near_6.wav,near
1607,dr_near_7.wav,near
1608,dr_near_8.wav,near
1609,dr_near_9.wav,near
1610,dr_needalu_1.wav,needalu
1611,dr_needalu_10.wav,needalu
1612,dr_needalu_2.wav,needalu
1613,dr_needalu_3.wav,needalu
1614,dr_needalu_4.wav,needalu
1615,dr_needalu_5.wav,needalu
1616,dr_needalu_6.wav,needalu
1617,dr_needalu_7.wav,needalu
1618,dr_needalu_8.wav,needalu
1619,dr_needalu_9.wav,needalu
1620,dr_next_1.wav,next
1621,dr_next_10.wav,next
1622,dr_next_2.wav,next
1623,dr_next_3.wav,next
1624,dr_next_4.wav,next
1625,dr_next_5.wav,next
1626,dr_next_6.wav,next
1627,dr_next_7.wav,next
1628,dr_next_8.wav,next
1629,dr_next_9.wav,next
1630,dr_openings_1.wav,openings
1631,dr_openings_10.wav,openings
1632,dr_openings_2.wav,openings
1633,dr_openings_3.wav,openings
1634,dr_openings_4.wav,openings
1635,dr_openings_5.wav,openings
1636,dr_openings_6.wav,openings
1637,dr_openings_7.wav,openings
1638,dr_openings_8.wav,openings
1639,dr_openings_9.wav,openings
1640,dr_open_1.wav,open
1641,dr_open_10.wav,open
1642,dr_open_2.wav,open
1643,dr_open_3.wav,open
1644,dr_open_4.wav,open
1645,dr_open_5.wav,open
1646,dr_open_6.wav,open
1647,dr_open_7.wav,open
1648,dr_open_8.wav,open
1649,dr_open_9.wav,open
1650,dr_park_1.wav,park
1651,dr_park_10.wav,park
1652,dr_park_2.wav,park
1653,dr_park_3.wav,park
1654,dr_park_4.wav,park
1655,dr_park_5.wav,park
1656,dr_park_6.wav,park
1657,dr_park_7.wav,park
1658,dr_park_8.wav,park
1659,dr_park_9.wav,park
1660,dr_places_1.wav,places
1661,dr_places_10.wav,places
1662,dr_places_2.wav,places
1663,dr_places_3.wav,places
1664,dr_places_4.wav,places
1665,dr_places_5.wav,places
1666,dr_places_6.wav,places
1667,dr_places_7.wav,places
1668,dr_places_8.wav,places
1669,dr_places_9.wav,places
1670,dr_plumbing_1.wav,plumbing
1671,dr_plumbing_10.wav,plumbing
1672,dr_plumbing_2.wav,plumbing
1673,dr_plumbing_3.wav,plumbing
1674,dr_plumbing_4.wav,plumbing
1675,dr_plumbing_5.wav,plumbing
1676,dr_plumbing_6.wav,plumbing
1677,dr_plumbing_7.wav,plumbing
1678,dr_plumbing_8.wav,plumbing
1679,dr_plumbing_9.wav,plumbing
1680,dr_saradi_1.wav,saradi
1681,dr_saradi_10.wav,saradi
1682,dr_saradi_2.wav,saradi
1683,dr_saradi_3.wav,saradi
1684,dr_saradi_4.wav,saradi
1685,dr_saradi_5.wav,saradi
1686,dr_saradi_6.wav,saradi
1687,dr_saradi_7.wav,saradi
1688,dr_saradi_8.wav,saradi
1689,dr_saradi_9.wav,saradi
1690,dr_service_1.wav,service
1691,dr_service_10.wav,service
1692,dr_service_2.wav,service
1693,dr_service_3.wav,service
1694,dr_service_4.wav,service
1695,dr_service_5.wav,service
1696,dr_service_6.wav,service
1697,dr_service_7.wav,service
1698,dr_service_8.wav,service
1699,dr_service_9.wav,service
1700,dr_some_1.wav,some
1701,dr_some_10.wav,some
1702,dr_some_2.wav,some
1703,dr_some_3.wav,some
1704,dr_some_4.wav,some
1705,dr_some_5.wav,some
1706,dr_some_6.wav,some
1707,dr_some_7.wav,some
1708,dr_some_8.wav,some
1709,dr_some_9.wav,some
1710,dr_sports_1.wav,sports
1711,dr_sports_10.wav,sports
1712,dr_sports_2.wav,sports
1713,dr_sports_3.wav,sports
1714,dr_sports_4.wav,sports
1715,dr_sports_5.wav,sports
1716,dr_sports_6.wav,sports
1717,dr_sports_7.wav,sports
1718,dr_sports_8.wav,sports
1719,dr_sports_9.wav,sports
1720,dr_stalagalu_1.wav,stalagalu
1721,dr_stalagalu_10.wav,stalagalu
1722,dr_stalagalu_2.wav,stalagalu
1723,dr_stalagalu_3.wav,stalagalu
1724,dr_stalagalu_4.wav,stalagalu
1725,dr_stalagalu_5.wav,stalagalu
1726,dr_stalagalu_6.wav,stalagalu
1727,dr_stalagalu_7.wav,stalagalu
1728,dr_stalagalu_8.wav,stalagalu
1729,dr_stalagalu_9.wav,stalagalu
1730,dr_stations_1.wav,stations
1731,dr_stations_10.wav,stations
1732,dr_stations_2.wav,stations
1733,dr_stations_3.wav,stations
1734,dr_stations_4.wav,stations
1735,dr_stations_5.wav,stations
1736,dr_stations_6.wav,stations
1737,dr_stations_7.wav,stations
1738,dr_stations_8.wav,stations
1739,dr_stations_9.wav,stations
1740,dr_thereyuthadhe_1.wav,thereyuthadhe
1741,dr_thereyuthadhe_10.wav,thereyuthadhe
1742,dr_thereyuthadhe_2.wav,thereyuthadhe
1743,dr_thereyuthadhe_3.wav,thereyuthadhe
1744,dr_thereyuthadhe_4.wav,thereyuthadhe
1745,dr_thereyuthadhe_5.wav,thereyuthadhe
1746,dr_thereyuthadhe_6.wav,thereyuthadhe
1747,dr_thereyuthadhe_7.wav,thereyuthadhe
1748,dr_thereyuthadhe_8.wav,thereyuthadhe
1749,dr_thereyuthadhe_9.wav,thereyuthadhe
1750,dr_there_1.wav,there
1751,dr_there_10.wav,there
1752,dr_there_2.wav,there
1753,dr_there_3.wav,there
1754,dr_there_4.wav,there
1755,dr_there_5.wav,there
1756,dr_there_6.wav,there
1757,dr_there_7.wav,there
1758,dr_there_8.wav,there
1759,dr_there_9.wav,there
1760,dr_the_1.wav,the
1761,dr_the_10.wav,the
1762,dr_the_2.wav,the
1763,dr_the_3.wav,the
1764,dr_the_4.wav,the
1765,dr_the_5.wav,the
1766,dr_the_6.wav,the
1767,dr_the_7.wav,the
1768,dr_the_8.wav,the
1769,dr_the_9.wav,the
1770,dr_to_1.wav,to
1771,dr_to_10.wav,to
1772,dr_to_2.wav,to
1773,dr_to_3.wav,to
1774,dr_to_4.wav,to
1775,dr_to_5.wav,to
1776,dr_to_6.wav,to
1777,dr_to_7.wav,to
1778,dr_to_8.wav,to
1779,dr_to_9.wav,to
1780,dr_traffic_1.wav,traffic
1781,dr_traffic_10.wav,traffic
1782,dr_traffic_2.wav,traffic
1783,dr_traffic_3.wav,traffic
1784,dr_traffic_4.wav,traffic
1785,dr_traffic_5.wav,traffic
1786,dr_traffic_6.wav,traffic
1787,dr_traffic_7.wav,traffic
1788,dr_traffic_8.wav,traffic
1789,dr_traffic_9.wav,traffic
1790,dr_turn_1.wav,turn
1791,dr_turn_10.wav,turn
1792,dr_turn_2.wav,turn
1793,dr_turn_3.wav,turn
1794,dr_turn_4.wav,turn
1795,dr_turn_5.wav,turn
1796,dr_turn_6.wav,turn
1797,dr_turn_7.wav,turn
1798,dr_turn_8.wav,turn
1799,dr_turn_9.wav,turn
1800,dr_udhyaanavu_1.wav,udhyaanavu
1801,dr_udhyaanavu_10.wav,udhyaanavu
1802,dr_udhyaanavu_2.wav,udhyaanavu
1803,dr_udhyaanavu_3.wav,udhyaanavu
1804,dr_udhyaanavu_4.wav,udhyaanavu
1805,dr_udhyaanavu_5.wav,udhyaanavu
1806,dr_udhyaanavu_6.wav,udhyaanavu
1807,dr_udhyaanavu_7.wav,udhyaanavu
1808,dr_udhyaanavu_8.wav,udhyaanavu
1809,dr_udhyaanavu_9.wav,udhyaanavu
1810,dr_udhyaana_1.wav,udhyaana
1811,dr_udhyaana_10.wav,udhyaana
1812,dr_udhyaana_2.wav,udhyaana
1813,dr_udhyaana_3.wav,udhyaana
1814,dr_udhyaana_4.wav,udhyaana
1815,dr_udhyaana_5.wav,udhyaana
1816,dr_udhyaana_6.wav,udhyaana
1817,dr_udhyaana_7.wav,udhyaana
1818,dr_udhyaana_8.wav,udhyaana
1819,dr_udhyaana_9.wav,udhyaana
1820,dr_udhyogavakaasha_1.wav,udhyogavakaasha
1821,dr_udhyogavakaasha_10.wav,udhyogavakaasha
1822,dr_udhyogavakaasha_2.wav,udhyogavakaasha
1823,dr_udhyogavakaasha_3.wav,udhyogavakaasha
1824,dr_udhyogavakaasha_4.wav,udhyogavakaasha
1825,dr_udhyogavakaasha_5.wav,udhyogavakaasha
1826,dr_udhyogavakaasha_6.wav,udhyogavakaasha
1827,dr_udhyogavakaasha_7.wav,udhyogavakaasha
1828,dr_udhyogavakaasha_8.wav,udhyogavakaasha
1829,dr_udhyogavakaasha_9.wav,udhyogavakaasha
1830,dr_uttama_1.wav,uttama
1831,dr_uttama_10.wav,uttama
1832,dr_uttama_2.wav,uttama
1833,dr_uttama_3.wav,uttama
1834,dr_uttama_4.wav,uttama
1835,dr_uttama_5.wav,uttama
1836,dr_uttama_6.wav,uttama
1837,dr_uttama_7.wav,uttama
1838,dr_uttama_8.wav,uttama
1839,dr_uttama_9.wav,uttama
1840,dr_visit_1.wav,visit
1841,dr_visit_10.wav,visit
1842,dr_visit_2.wav,visit
1843,dr_visit_3.wav,visit
1844,dr_visit_4.wav,visit
1845,dr_visit_5.wav,visit
1846,dr_visit_6.wav,visit
1847,dr_visit_7.wav,visit
1848,dr_visit_8.wav,visit
1849,dr_visit_9.wav,visit
1850,dr_what_1.wav,what
1851,dr_what_10.wav,what
1852,dr_what_2.wav,what
1853,dr_what_3.wav,what
1854,dr_what_4.wav,what
1855,dr_what_5.wav,what
1856,dr_what_6.wav,what
1857,dr_what_7.wav,what
1858,dr_what_8.wav,what
1859,dr_what_9.wav,what
1860,dr_when_1.wav,when
1861,dr_when_10.wav,when
1862,dr_when_2.wav,when
1863,dr_when_3.wav,when
1864,dr_when_4.wav,when
1865,dr_when_5.wav,when
1866,dr_when_6.wav,when
1867,dr_when_7.wav,when
1868,dr_when_8.wav,when
1869,dr_when_9.wav,when
1870,dr_yaavaaga_1.wav,yaavaaga
1871,dr_yaavaaga_10.wav,yaavaaga
1872,dr_yaavaaga_2.wav,yaavaaga
1873,dr_yaavaaga_3.wav,yaavaaga
1874,dr_yaavaaga_4.wav,yaavaaga
1875,dr_yaavaaga_5.wav,yaavaaga
1876,dr_yaavaaga_6.wav,yaavaaga
1877,dr_yaavaaga_7.wav,yaavaaga
1878,dr_yaavaaga_8.wav,yaavaaga
1879,dr_yaavaaga_9.wav,yaavaaga
1880,dr_yavdu_1.wav,yavdu
1881,dr_yavdu_10.wav,yavdu
1882,dr_yavdu_2.wav,yavdu
1883,dr_yavdu_3.wav,yavdu
1884,dr_yavdu_4.wav,yavdu
1885,dr_yavdu_5.wav,yavdu
1886,dr_yavdu_6.wav,yavdu
1887,dr_yavdu_7.wav,yavdu
1888,dr_yavdu_8.wav,yavdu
1889,dr_yavdu_9.wav,yavdu
1890,dr_yavude_1.wav,yavude
1891,dr_yavude_10.wav,yavude
1892,dr_yavude_2.wav,yavude
1893,dr_yavude_3.wav,yavude
1894,dr_yavude_4.wav,yavude
1895,dr_yavude_5.wav,yavude
1896,dr_yavude_6.wav,yavude
1897,dr_yavude_7.wav,yavude
1898,dr_yavude_8.wav,yavude
1899,dr_yavude_9.wav,yavude
1900,dr_yavuvu_1.wav,yavuvu
1901,dr_yavuvu_10.wav,yavuvu
1902,dr_yavuvu_2.wav,yavuvu
1903,dr_yavuvu_3.wav,yavuvu
1904,dr_yavuvu_4.wav,yavuvu
1905,dr_yavuvu_5.wav,yavuvu
1906,dr_yavuvu_6.wav,yavuvu
1907,dr_yavuvu_7.wav,yavuvu
1908,dr_yavuvu_8.wav,yavuvu
1909,dr_yavuvu_9.wav,yavuvu
1910,dr_yenu_1.wav,yenu
1911,dr_yenu_10.wav,yenu
1912,dr_yenu_2.wav,yenu
1913,dr_yenu_3.wav,yenu
1914,dr_yenu_4.wav,yenu
1915,dr_yenu_5.wav,yenu
1916,dr_yenu_6.wav,yenu
1917,dr_yenu_7.wav,yenu
1918,dr_yenu_8.wav,yenu
1919,dr_yenu_9.wav,yenu
